{
	"type":100,
	"background":"bg.jpg",
	"orientation":0,
	"simulateTouch":true,
	
	"TVScreen":
	{
		"width":2560,
		"height":1440
	},
	
	"phoneScreen":
	{
		"width":1280,
		"height":720
	},
	 
	
	"component":
	[
		{
			"type":"stick",
			"id":1,
			
			"range":
			{
				"x":0,
				"y":0,
				"width":640,
				"height":720
			},
			
			"phoneParameter":
			{
				"radius":100,
				"x":270,
				"y":310
			},
			
			"TVParameter":
			{
				"radius":230,
				"x":300,
				"y":1155
			},
			
			"pic":
			{
				"stick":"diy_direction_normal.png",
				"bottom":"diy_direction_bottom.png"
			}
		},
		
		{
			"type":"slider",
			"maxSpeed":300,
			"maxDistance":150,
			
			"phoneParameter":
			{
				"width":640,
				"height":720,
				"x":640,
				"y":0
			},
			 
			"gesture":
			[
				{
					"action":"slide",
					"direct":"up",
					"TVBtnX":2420,
					"TVBtnY":550
				},
				
				{
					"action":"slide",
					"direct":"down",
					"TVBtnX":2420,
					"TVBtnY":780
				},
				
				{
					"action":"slide",
					"direct":"right",
					"TVBtnX":1780,
					"TVBtnY":1230
				},
				
				{
					"action":"long_touch",
					"TVBtnX":2250,
					"TVBtnY":1155
				} 
			]
		}
		
	]
}